[
  {
    "_id": {
      "$oid": "695e55d5bfbf7706c65cc09f"
    },
    "name": "Nigerian Egusi Okra Soup",
    "slug": "nigerian-egusi-okra-soup-1767790035677",
    "category": "Main Dish",
    "isVegan": false,
    "isVegetarian": true,
    "servingSize": 4,
    "dataSource": "manual",
    "ingredients": [
      {
        "name": "500 grams of okra",
        "quantity": ""
      },
      {
        "name": "500 grams of soup",
        "quantity": ""
      },
      {
        "name": "1 onion",
        "quantity": ""
      },
      {
        "name": "2 tomatoes",
        "quantity": ""
      },
      {
        "name": "2 red bell peppers",
        "quantity": ""
      },
      {
        "name": "1 cup of egusi (ground melon seeds)",
        "quantity": ""
      },
      {
        "name": "1 cup of palm oil",
        "quantity": ""
      },
      {
        "name": "Salt to taste",
        "quantity": ""
      },
      {
        "name": "Water",
        "quantity": ""
      }
    ],
    "imageUrl": "/placeholder.svg?height=300&width=300"
  },
  {
    "_id": {
      "$oid": "695e55d5bfbf7706c65cc0b2"
    },
    "name": "Moroccan Chickpea and Okra Stew",
    "slug": "moroccan-chickpea-and-okra-stew-1767790035677",
    "category": "Main Dish",
    "isVegan": false,
    "isVegetarian": true,
    "servingSize": 4,
    "dataSource": "manual",
    "imageUrl": "/placeholder.svg?height=300&width=300"
  },
  {
    "_id": {
      "$oid": "695e55d5bfbf7706c65cc0d5"
    },
    "name": "Indonesian Spiced Rice",
    "slug": "indonesian-spiced-rice-1767790035677",
    "category": "Main Dish",
    "isVegan": false,
    "isVegetarian": true,
    "servingSize": 4,
    "dataSource": "manual",
    "imageUrl": "/placeholder.svg?height=300&width=300"
  },
  {
    "_id": {
      "$oid": "695e55d5bfbf7706c65cc0ea"
    },
    "name": "Spicy Yellow Rice",
    "slug": "spicy-yellow-rice-1767790035677",
    "category": "Main Dish",
    "isVegan": false,
    "isVegetarian": true,
    "servingSize": 4,
    "dataSource": "manual",
    "imageUrl": "/placeholder.svg?height=300&width=300"
  }
]
