[
  {
    "_id": {
      "$oid": "695e55d5bfbf7706c65cc09f"
    },
    "name": "Nigerian Egusi Okra Soup",
    "slug": "nigerian-egusi-okra-soup-1767790035677",
    "category": "Main Dish",
    "isVegan": false,
    "isVegetarian": true,
    "servingSize": 4,
    "dataSource": "manual",
    "imageUrl": "/nigerian-okra-melon-seed-soup--west-african-main-d.jpg",
    "imageAlt": "Nigerian Egusi Okra Soup"
  },
  {
    "_id": {
      "$oid": "695e55d5bfbf7706c65cc0b2"
    },
    "name": "Moroccan Chickpea and Okra Stew",
    "slug": "moroccan-chickpea-and-okra-stew-1767790035677",
    "category": "Main Dish",
    "isVegan": false,
    "isVegetarian": true,
    "servingSize": 4,
    "dataSource": "manual",
    "imageUrl": "/moroccan-chickpea-okra-stew--north-african-main-di.jpg",
    "imageAlt": "Moroccan Chickpea and Okra Stew"
  },
  {
    "_id": {
      "$oid": "695e55d5bfbf7706c65cc0d5"
    },
    "name": "Indonesian Spiced Rice",
    "slug": "indonesian-spiced-rice-1767790035677",
    "category": "Main Dish",
    "isVegan": false,
    "isVegetarian": true,
    "servingSize": 4,
    "dataSource": "manual",
    "imageUrl": "/indonesian-spiced-rice--asian-main-dish.jpg",
    "imageAlt": "Indonesian Spiced Rice"
  },
  {
    "_id": {
      "$oid": "695e55d5bfbf7706c65cc0ea"
    },
    "name": "Spicy Yellow Rice",
    "slug": "spicy-yellow-rice-1767790035677",
    "category": "Main Dish",
    "isVegan": false,
    "isVegetarian": true,
    "servingSize": 4,
    "dataSource": "manual",
    "imageUrl": "/spicy-yellow-turmeric-rice--vegetarian-main-dish.jpg",
    "imageAlt": "Spicy Yellow Rice"
  }
]
